{
  "project_info": {
    "project_number": "586509738492",
    "project_id": "airjordahistory",
    "storage_bucket": "airjordahistory.appspot.com"
  },
  "client": [
    {
      "client_info": {
        "mobilesdk_app_id": "1:586509738492:android:c47fcb7114346b19a51279",
        "android_client_info": {
          "package_name": "com.example.airjordanhistory"
        }
      },
      "oauth_client": [
        {
          "client_id": "586509738492-11rhflvro050vc2kqvqcvmolcdgffvh0.apps.googleusercontent.com",
          "client_type": 3
        }
      ],
      "api_key": [
        {
          "current_key": "AIzaSyCDkw02avxyCdVc4IT-PIEhTObU1O310ZI"
        }
      ],
      "services": {
        "appinvite_service": {
          "other_platform_oauth_client": [
            {
              "client_id": "586509738492-11rhflvro050vc2kqvqcvmolcdgffvh0.apps.googleusercontent.com",
              "client_type": 3
            }
          ]
        }
      }
    }
  ],
  "configuration_version": "1"
}